Title,Year,User Score,Description,Directors,Screenplay,Genres,Revenue
The Lord of the Rings: The Fellowship of the Ring,2001-12-18 (DE),84%,"Young hobbit Frodo Baggins, after inheriting a mysterious ring from his uncle Bilbo, must leave his home in order to keep it from falling into the hands of its evil creator. Along the way, a fellowship is formed to protect the ringbearer and make sure that the ring arrives at its final destination: Mt. Doom, the only place where it can be destroyed.",Peter Jackson,,"Adventure, Fantasy, Action","$871,368,364.00"
Aquaman and the Lost Kingdom,2023-12-21 (DE),67%,"Black Manta seeks revenge on Aquaman for his father's death. Wielding the Black Trident's power, he becomes a formidable foe. To defend Atlantis, Arthur (Aquaman) forges an alliance with his imprisoned brother. They must protect the kingdom.",James Wan,,"Action, Adventure, Fantasy","$434,381,226.00"
The Avengers,2012-04-26 (DE),77%,"When an unexpected enemy emerges and threatens global safety and security, Nick Fury, director of the international peacekeeping agency known as S.H.I.E.L.D., finds himself in need of a team to pull the world back from the brink of disaster. Spanning the globe, a daring recruitment effort begins!",Joss Whedon,,"Science Fiction, Action, Adventure","$1,518,815,515.00"
Coco,2017-11-30 (DE),82%,"Despite his family’s baffling generations-old ban on music, Miguel dreams of becoming an accomplished musician like his idol, Ernesto de la Cruz. Desperate to prove his talent, Miguel finds himself in the stunning and colorful Land of the Dead following a mysterious chain of events. Along the way, he meets charming trickster Hector, and together, they set off on an extraordinary journey to unlock the real story behind Miguel's family history.",Lee Unkrich,,"Family, Animation, Music, Adventure","$807,816,196.00"
Civil War,2024-04-18 (DE),69%,"In the near future, a group of war journalists attempt to survive while reporting the truth as the United States stands on the brink of civil war.",Alex Garland,Alex Garland,"War, Action, Drama",
The Union,2024-08-16 (DE),63%,A New Jersey construction worker goes from regular guy to aspiring spy when his long-lost high school sweetheart recruits him for an espionage mission.,Julian Farino,"Joe Barton, David Guggenheim","Action, Comedy",
Hijack 1971,2024-06-21 (KR),60%,"Pilots Tae-in and Gyu-sik are set to fly to Gimpo. Under the guidance of flight attendant Ok-soon, passengers are busy boarding. However, shortly after takeoff, a homemade bomb explodes, turning the cabin into chaos.",Kim Sung-han,Kim Kyung-chan,"Crime, Action, Thriller",$14.00
Bagman,2024-12-05 (DE),62%,"For centuries and across cultures, parents have warned their children of the legendary Bagman, who snatches innocent children and stuffs them into his vile, rotting bag—never to be seen again. Patrick McKee narrowly escaped such an encounter as a boy, which left him with lasting scars throughout his adulthood. Now, Patrick’s childhood tormentor has returned, threatening the safety of his wife Karina and son Jake.",Colm McCarthy,John Hulme,"Horror, Thriller",
Terrifier 3,2024-10-31 (DE),73%,"Five years after surviving Art the Clown's Halloween massacre, Sienna and Jonathan are still struggling to rebuild their shattered lives. As the holiday season approaches, they try to embrace the Christmas spirit and leave the horrors of the past behind. But just when they think they're safe, Art returns, determined to turn their holiday cheer into a new nightmare. The festive season quickly unravels as Art unleashes his twisted brand of terror, proving that no holiday is safe.",Damien Leone,Damien Leone,"Horror, Thriller","$46,694,902.00"
Don't Tell Mom the Babysitter's Dead,2024-04-12 (US),61%,"Seventeen year old Tanya's plans for a carefree summer are derailed when her stressed-to-the-limit mom takes off for a wellness retreat and puts Tanya and her three siblings in the charge of a crotchety (and racist) old babysitter. The babysitter’s sudden death leaves the kids short on cash and reluctant to pull mom prematurely out of her much-needed R&R, so Tanya is forced to get a job. Posing as an adult, she gets a gig as the executive assistant at a fashion company and overnight is thrust into the world of adulthood and parenting.",Wade Allain-Marcus,Chuck Hayward,Comedy,
10 Lives,2024-10-10 (DE),82%,"A pampered cat takes for granted the lucky hand he has been dealt after he is rescued and loved by Rose, a kind-hearted and passionate student. When he loses his ninth life, fate steps in to set him on a transformative journey.",Christopher Jenkins,,"Animation, Comedy, Family, Fantasy",
Moana 2,2024-11-28 (DE),0%,"After receiving an unexpected call from her wayfinding ancestors, Moana journeys alongside Maui and a new crew to the far seas of Oceania and into dangerous, long-lost waters for an adventure unlike anything she's ever faced.","Dana Ledoux Miller, David G. Derrick Jr., Jason Hand","Dana Ledoux Miller, Jared Bush","Animation, Adventure, Family, Comedy",
Never Let Go,2024-09-26 (DE),62%,"As an evil takes over the world beyond their front doorstep, the only protection for a mother and her twin sons is their house and their family’s protective bond.",Alexandre Aja,"Ryan Grassby, Kevin Coughlin","Horror, Drama","$13,111,608.00"
Forrest Gump,1994-10-13 (DE),85%,"A man with a low IQ has accomplished great things in his life and been present during significant historic events—in each case, far exceeding what anyone imagined he could do. But despite all he has achieved, his one true love eludes him.",Robert Zemeckis,,"Comedy, Drama, Romance","$677,387,716.00"
The Bus of Life,2024-07-03 (ES),68%,"Andrés, a music teacher diagnosed with cancer, seeks treatment at a hospital in the city. His travels there on a singular, dilapidated bus accompanied by other cancer patients. It soon becomes an extraordinary experience, giving him new friends and a far more joyous understanding of life. He also learns to conquer his fears, such as the stage fright which has frustrated a budding career as a musician.",Ibon Cormenzana,"Ibon Cormenzana, Eduard Sola","Comedy, Drama",
Wicked,2024-12-12 (DE),0%,"Elphaba, an ostracized but defiant girl born with green skin, and Glinda, a privileged aristocrat born popular, become extremely unlikely friends in the magical Land of Oz. As the two girls struggle with their opposing personalities, their friendship is tested as both begin to fulfill their destinies as Glinda the Good and The Wicked Witch of the West. The first of a two-part film adaptation of the Broadway musical.",Jon M. Chu,"Winnie Holzman, Dana Fox","Drama, Fantasy, Romance",
Beetlejuice,1988-11-10 (DE),74%,A newly dead New England couple seeks help from a deranged demon exorcist to scare an affluent New York family out of their home.,Tim Burton,,"Fantasy, Comedy","$84,554,197.00"
Blood for Dust,2024-04-19 (DE),58%,"Reckless Ricky makes serious money dealing illegal weapons throughout the tri-state area and loves to flaunt it. Traveling salesman Cliff, covers the same territory Ricky runs guns through. Desperate to find some financial relief for his struggling family, Cliff agrees to partner with Ricky, to commit cross-state drug and gun deliveries for a mid-level American cartel boss John. When a simple exchange turns into a bloodbath after Ricky kills everyone in a territory grab, the pair find themselves in a pressure cooker situation where unlikely drug dealer Cliff must fight as hard as he can to stay alive.",Rod Blackhurst,David Ebeltoft,"Action, Crime, Thriller",
IF,2024-05-16 (DE),73%,A young girl who goes through a difficult experience begins to see everyone's imaginary friends who have been left behind as their real-life friends have grown up.,John Krasinski,John Krasinski,"Comedy, Fantasy, Family","$186,240,904.00"
Project Silence,2024-09-04 (DE),70%,"Due to sudden deteriorating weather conditions, visibility on the Airport Bridge is severely impaired, leaving people stranded and at risk of the bridge collapsing due to a series of chain collisions and explosions. Amidst the chaos, the canine subjects ""Echo"" from the military experiment ""Project Silence,"" who were being transported in secret, break free, and all human survivors become targets of relentless attacks.",Kim Tae-gon,"Kim Tae-gon, Park Joo-suk, Kim Yong-hwa","Action, Thriller, Horror, Science Fiction",
Interstellar,2014-11-06 (DE),84%,The adventures of a group of explorers who make use of a newly discovered wormhole to surpass the limitations on human space travel and conquer the vast distances involved in an interstellar voyage.,Christopher Nolan,"Christopher Nolan, Jonathan Nolan","Adventure, Drama, Science Fiction","$701,729,206.00"
Female Ninjas Magic Chronicles 4: Rebel Forces at the Threshold,1994-03-24 (JP),33%,"The female ninjas have to stop an alliance from carrying out their dastardly deeds, which includes bizarre ninjitsu sex magic to aid them in their quest.",Masaru Tsushima,,Action,
Harry Potter and the Deathly Hallows: Part 2,2011-07-14 (DE),81%,"Harry, Ron and Hermione continue their quest to vanquish the evil Voldemort once and for all. Just as things begin to look hopeless for the young wizards, Harry discovers a trio of magical objects that endow him with powers to rival Voldemort's formidable skills.",David Yates,,"Fantasy, Adventure","$1,341,511,219.00"
The Hobbit: The Battle of the Five Armies,2014-12-10 (DE),73%,"Immediately after the events of The Desolation of Smaug, Bilbo and the dwarves try to defend Erebor's mountain of treasure from others who claim it: the men of the ruined Laketown and the elves of Mirkwood. Meanwhile an army of Orcs led by Azog the Defiler is marching on Erebor, fueled by the rise of the dark lord Sauron. Dwarves, elves and men must unite, and the hope for Middle-Earth falls into Bilbo's hands.",Peter Jackson,,"Action, Adventure, Fantasy","$956,019,788.00"
xXx,2002-10-17 (DE),59%,"Xander Cage is your standard adrenaline junkie with no fear and a lousy attitude. When the US Government ""recruits"" him to go on a mission, he's not exactly thrilled. His mission: to gather information on an organization that may just be planning the destruction of the world, led by the nihilistic Yorgi.",Rob Cohen,,"Action, Adventure, Thriller, Crime","$277,448,382.00"
Gracie & Pedro: Pets to the Rescue,2024-10-08 (US),69%,"Family frenemies, Gracie and Pedro, must put their differences aside, embarking on a thrilling quest packed with perilous escapades in order to reunite with their owners.",Kevin Donovan,,"Animation, Adventure, Comedy, Family","$664,443.00"
No Voltees,2024-09-20 (US),80%,"When two siblings return to their childhood home, they are confronted by a violent, supernatural presence that dwells deep within their worst traumas.",Alejandro Hidalgo,Ricardo Avilés,Horror,
Harry Potter and the Goblet of Fire,2005-11-16 (DE),78%,"When Harry Potter's name emerges from the Goblet of Fire, he becomes a competitor in a grueling battle for glory among three wizarding schools—the Triwizard Tournament. But since Harry never submitted his name for the Tournament, who did? Now Harry must confront a deadly dragon, fierce water demons and an enchanted maze only to find himself in the cruel grasp of He Who Must Not Be Named.",Mike Newell,,"Adventure, Fantasy","$895,921,036.00"
El Apocalipsis de san Juan,2024-10-17 (AR),0%,"Embark on an epic journey through time and faith with 'The Apocalypse of Saint John.' Join the Apostle John in a stunning visual narrative that unravels the visions of the End Times. Experience each vision like never before, with striking visual effects and epic scenes that immerse you in the apocalyptic narrative.","Simón Delacre, Patricio Dondo",Simón Delacre,"Documentary, History",
Alien: Romulus,2024-08-15 (DE),73%,"While scavenging the deep ends of a derelict space station, a group of young space colonizers come face to face with the most terrifying life form in the universe.",Fede Álvarez,"Fede Álvarez, Rodo Sayagues","Science Fiction, Horror","$350,752,564.00"
Mr. Crocket,2024-09-26 (US),49%,"A single mother thinks she's found the key to calming her child down – a VHS copy of a strange children's program named Mr. Crocket's World. However, a darker, bloodier secret waits to invade their home from inside the tape.",Brandon Espy,"Brandon Espy, Carl Reid",Horror,
SpongeBob Squarepants: Kreepaway Kamp,2024-10-10 (US),73%,"While at Kamp Koral for a reunion, SpongeBob and the gang are stalked by a mysterious figure lurking in the shadows as campers start disappearing one by one!","Fred Osmond, Sherm Cohen, Dave Cunningham, Kurt Snyder, Ian Vasquez","Kaz, Danny Giovannini, Mike Bell, Andrew Goodman, Bobby Gaylor","TV Movie, Family, Comedy, Horror, Animation",
Under Paris,2024-06-05 (DE),60%,"In order to save Paris from an international bloodbath, a grieving scientist is forced to face her tragic past when a giant shark appears in the Seine.",Xavier Gens,,"Action, Drama, Horror, Thriller",
Deadpool & Wolverine,2024-07-24 (DE),77%,"A listless Wade Wilson toils away in civilian life with his days as the morally flexible mercenary, Deadpool, behind him. But when his homeworld faces an existential threat, Wade must reluctantly suit-up again with an even more reluctant Wolverine.",Shawn Levy,"Shawn Levy, Paul Wernick, Rhett Reese, Ryan Reynolds, Zeb Wells","Action, Comedy, Science Fiction","$1,336,816,112.00"
Spider-Man: Across the Spider-Verse,2023-06-01 (DE),84%,"After reuniting with Gwen Stacy, Brooklyn’s full-time, friendly neighborhood Spider-Man is catapulted across the Multiverse, where he encounters the Spider Society, a team of Spider-People charged with protecting the Multiverse’s very existence. But when the heroes clash on how to handle a new threat, Miles finds himself pitted against the other Spiders and must set out on his own to save those he loves most.","Kemp Powers, Joaquim Dos Santos, Justin K. Thompson","Phil Lord, Dave Callaham, Christopher Miller","Animation, Action, Adventure, Science Fiction","$690,897,910.00"
Sonic the Hedgehog 2,2022-03-31 (DE),75%,"After settling in Green Hills, Sonic is eager to prove he has what it takes to be a true hero. His test comes when Dr. Robotnik returns, this time with a new partner, Knuckles, in search for an emerald that has the power to destroy civilizations. Sonic teams up with his own sidekick, Tails, and together they embark on a globe-trotting journey to find the emerald before it falls into the wrong hands.",Jeff Fowler,,"Action, Adventure, Family, Comedy","$405,421,518.00"
Avengers: Infinity War,2018-04-26 (DE),82%,"As the Avengers and their allies have continued to protect the world from threats too large for any one hero to handle, a new danger has emerged from the cosmic shadows: Thanos. A despot of intergalactic infamy, his goal is to collect all six Infinity Stones, artifacts of unimaginable power, and use them to inflict his twisted will on all of reality. Everything the Avengers have fought for has led up to this moment - the fate of Earth and existence itself has never been more uncertain.","Anthony Russo, Joe Russo",,"Adventure, Action, Science Fiction","$2,052,415,039.00"
Apartment 7A,2024-09-28 (DE),61%,"A struggling young dancer finds herself drawn in by dark forces when a peculiar, well-connected older couple promise her a shot at fame.",Natalie Erika James,,"Horror, Thriller",
The Flesh,1992-09-17 (DE),54%,"A beautiful film which is basically about a man, a piano player, who meets and falls in love with a beautiful and voluptuous woman, who, by some strange procedure, leaves the man unable to move but with a permanent priapism! After some time he becomes sick of it and she relieves his paralysis. Eventually she gets bored and decides to leave, but he can't take it because he loves her…",Marco Ferreri,"Marco Ferreri, Massimo Bucchi, Liliana Betti, Paolo Costella","Drama, Romance",
Me Before You,2016-06-23 (DE),79%,"A small town girl is caught between dead-end jobs. A high-profile, successful man becomes wheelchair bound following an accident. The man decides his life is not worth living until the girl is hired for six months to be his new caretaker. Worlds apart and trapped together by circumstance, the two get off to a rocky start. But the girl becomes determined to prove to the man that life is worth living and as they embark on a series of adventures together, each finds their world changing in ways neither of them could begin to imagine.",Thea Sharrock,,"Drama, Romance","$207,945,075.00"
My Fault,2023-06-08 (DE),79%,"Noah must leave her city, boyfriend, and friends to move into William Leister's mansion, the flashy and wealthy husband of her mother Rafaela. As a proud and independent 17 year old, Noah resists living in a mansion surrounded by luxury. However, it is there where she meets Nick, her new stepbrother, and the clash of their strong personalities becomes evident from the very beginning.",Domingo González,Domingo González,"Romance, Drama",
The Batman,2022-03-03 (DE),77%,"In his second year of fighting crime, Batman uncovers corruption in Gotham City that connects to his own family while facing a serial killer known as the Riddler.",Matt Reeves,"Matt Reeves, Peter Craig","Crime, Mystery, Thriller","$771,000,000.00"
The Super Mario Bros. Movie,2023-04-06 (DE),77%,"While working underground to fix a water main, Brooklyn plumbers—and brothers—Mario and Luigi are transported down a mysterious pipe and wander into a magical new world. But when the brothers are separated, Mario embarks on an epic quest to find Luigi.","Michael Jelenic, Aaron Horvath",Matthew Fogel,"Animation, Family, Adventure, Fantasy, Comedy","$1,362,000,000.00"
Sexual Chronicles of a French Family,2012-10-05 (DE),54%,Three generations of a French family open up about their sexual experiences and desires after young Romain is caught masturbating in his biology class.,"Pascal Arnold, Jean-Marc Barr","Pascal Arnold, Lucy Allwood","Comedy, Drama, Romance",
The Inseparables,2024-08-29 (DE),64%,"The animated buddy movie follows the misadventures of Don, a runaway puppet with boundless imaginations, and DJ Doggy Dog, an abandoned plush looking for a friend, who cross paths in Central Park and team up against all odds for a epic friendship adventure in New York.",Jérémie Degruson,,"Animation, Adventure, Comedy, Family","$311,198.00"
Dune: Part Two,2024-02-29 (DE),82%,"Follow the mythic journey of Paul Atreides as he unites with Chani and the Fremen while on a path of revenge against the conspirators who destroyed his family. Facing a choice between the love of his life and the fate of the known universe, Paul endeavors to prevent a terrible future only he can foresee.",Denis Villeneuve,,"Science Fiction, Adventure","$711,844,359.00"
Puss in Boots: The Last Wish,2022-12-22 (DE),82%,"Puss in Boots discovers that his passion for adventure has taken its toll: He has burned through eight of his nine lives, leaving him with only one life left. Puss sets out on an epic journey to find the mythical Last Wish and restore his nine lives.",Joel Crawford,,"Animation, Adventure, Fantasy, Comedy, Family","$484,700,000.00"
Hounds of War,2024-10-04 (DE),65%,"After a mission goes wrong, only one of a group of mercenaries is left alive to avenge his fallen brothers.",Isaac Florentine,Jean Pierre Magro,"Action, Thriller",
Beetlejuice Beetlejuice,2024-09-12 (DE),72%,"After a family tragedy, three generations of the Deetz family return home to Winter River. Still haunted by Betelgeuse, Lydia's life is turned upside down when her teenage daughter, Astrid, accidentally opens the portal to the Afterlife.",Tim Burton,,"Comedy, Fantasy, Horror","$435,300,598.00"
Padre no hay más que uno 4: Campanas de boda,2024-07-17 (ES),67%,"The eldest of the family, Sara, comes of age and brings chaos to the family by announcing her intention to marry Ocho. Javier and Marisa try to avoid it at all costs. At the same time Dani has an existential crisis, Paulita feels jealous of Cris, Carlota announces that she has found a boyfriend from a high society family and Rocio has finally managed to be cast in her first film.",Santiago Segura,,"Family, Comedy","$20,271.00"
Furiosa: A Mad Max Saga,2024-05-23 (DE),75%,"As the world fell, young Furiosa is snatched from the Green Place of Many Mothers and falls into the hands of a great Biker Horde led by the Warlord Dementus. Sweeping through the Wasteland they come across the Citadel presided over by The Immortan Joe. While the two Tyrants war for dominance, Furiosa must survive many trials as she puts together the means to find her way home.",George Miller,"George Miller, Nico Lathouris","Action, Adventure, Science Fiction","$172,775,791.00"
Wish,2023-11-30 (DE),64%,"Asha, a sharp-witted idealist, makes a wish so powerful that it is answered by a cosmic force – a little ball of boundless energy called Star. Together, Asha and Star confront a most formidable foe - the ruler of Rosas, King Magnifico - to save her community and prove that when the will of one courageous human connects with the magic of the stars, wondrous things can happen.","Fawn Veerasunthorn, Chris Buck",,"Animation, Family, Fantasy, Adventure","$254,997,360.00"
The Ministry of Ungentlemanly Warfare,2024-07-25 (DE),71%,"During World War II, the British Army assigns a group of competent soldiers to carry out a mission against the Nazi forces behind enemy lines... A true story about a secret British WWII organization – the Special Operations Executive. Founded by Winston Churchill, their irregular warfare against the Germans helped to change the course of the war, and gave birth to modern black operations.",Guy Ritchie,,"Action, Comedy, War","$27,450,915.00"
Busty Girlfriend,2019-03-08 (KR),71%,"Mincheol and Suhee go to greet Minchul father (grandmother) before marriage. Dae - sik welcomes her daughter - in - law, Su - hee. But before marriage, Minchol and Suhee are separated by the difference in personality. Soon-hee, who was only preparing for marriage, is soon to live.",Junsei,,Romance,
Private Collections,1979-06-27 (FR),52%,"Three stories. A solitary sailor falls from his boat and washes ashore on a tropical island. While seeking rescue, he's found by a nearly naked woman who is playful and compliant. He decides to erase his signs of distress and remain on the island. What awaits?  In the second, an adolescent searches for the words of a nursery rime he remembers bits of. His journey takes him into dreams, sexual awakening, and Oedipal fantasy.  Third, a man of wealth in late-nineteenth century Paris hires a prostitute for the night. She's also cabaret performer and takes him to her room. He fears he's about to be robbed. What's her secret?","Walerian Borowczyk, Shūji Terayama, Just Jaeckin","Walerian Borowczyk, Jean-Michel Ribes, Guy de Maupassant","Drama, Romance",
Smile,2022-09-29 (DE),67%,"After witnessing a bizarre, traumatic incident involving a patient, Dr. Rose Cotter starts experiencing frightening occurrences that she can't explain.",Parker Finn,Parker Finn,"Horror, Mystery","$217,408,513.00"
Diabolik - Who Are You?,2023-11-30 (IT),63%,"Captured by a ruthless gang of bank robbers, foes Diabolik and Ginko find themselves facing certain death. While Eva Kant and Altea forge an unlikely alliance to rescue their lovers, Diabolik reveals his mysterious past to the Inspector.","Marco Manetti, Antonio Manetti",,"Crime, Action",
Taken 3,2014-12-16 (DE),63%,"Ex-government operative Bryan Mills finds his life is shattered when he's falsely accused of a murder that hits close to home. As he's pursued by a savvy police inspector, Mills employs his particular set of skills to track the real killer and exact his unique brand of justice.",Olivier Megaton,,"Thriller, Action","$325,800,000.00"
Kingdom of the Planet of the Apes,2024-05-08 (DE),71%,"Several generations following Caesar's reign, apes – now the dominant species – live harmoniously while humans have been reduced to living in the shadows. As a new tyrannical ape leader builds his empire, one young ape undertakes a harrowing journey that will cause him to question all he's known about the past and to make choices that will define a future for apes and humans alike.",Wes Ball,Josh Friedman,"Science Fiction, Adventure, Action","$397,366,385.00"
V/H/S/Beyond,2024-09-20 (US),70%,"The infinite playground of forbidden worlds and dangerous lifeforms offered by the sci-fi horror genre will lead to the biggest, maddest, bloodiest V/H/S ever.","Justin Martinez, Virat Pal, Justin Long, Christian Long, Jordan Downey, Jay Cheel, Kate Siegel","Virat Pal, Justin Long, Christian Long, Evan Dickson, Mike Flanagan","Horror, Science Fiction, Thriller",
Fifty Shades of Grey,2015-02-12 (DE),59%,"When college senior Anastasia Steele steps in for her sick roommate to interview prominent businessman Christian Grey for their campus paper, little does she realize the path her life will take. Christian, as enigmatic as he is rich and powerful, finds himself strangely drawn to Ana, and she to him. Though sexually inexperienced, Ana plunges headlong into an affair -- and learns that Christian's true sexual proclivities push the boundaries of pain and pleasure.",Sam Taylor-Johnson,,"Drama, Romance, Thriller","$569,651,467.00"
Tangled,2010-12-08 (DE),76%,"Feisty teenager Rapunzel, who has long and magical hair, wants to go and see sky lanterns on her eighteenth birthday, but she's bound to a tower by her overprotective mother. She strikes a deal with Flynn Rider, a charming wanted thief, and the duo set off on an action-packed escapade.","Byron Howard, Nathan Greno",,"Animation, Family","$592,461,732.00"
Woman of the Hour,2024-10-11 (US),67%,"An aspiring actress crosses paths with a prolific serial killer in '70s LA when they're cast on an episode of ""The Dating Game.""",Anna Kendrick,Ian McDonald,"Crime, Drama, Thriller",
The Clean Up Crew,2024-08-20 (US),51%,"When a crime scene clean up crew discovers a briefcase full of money, they must out smart a criminal kingpin and corrupt FBI agents who want it back.",Jon Keeyes,Matthew Rogers,"Action, Crime, Thriller",
Blink Twice,2024-08-22 (DE),68%,"When tech billionaire Slater King meets cocktail waitress Frida at his fundraising gala, he invites her to join him and his friends on a dream vacation on his private island. But despite the epic setting, beautiful people, ever-flowing champagne, and late-night dance parties, Frida can sense that there’s something sinister hiding beneath the island’s lush façade.",Zoë Kravitz,"Zoë Kravitz, E.T. Feigenbaum","Mystery, Thriller, Horror","$43,555,474.00"
Spider-Man: No Way Home,2021-12-16 (DE),80%,"Peter Parker is unmasked and no longer able to separate his normal life from the high-stakes of being a super-hero. When he asks for help from Doctor Strange the stakes become even more dangerous, forcing him to discover what it truly means to be Spider-Man.",Jon Watts,"Chris McKenna, Erik Sommers","Action, Adventure, Science Fiction","$1,921,847,111.00"
Little Bites,2024-10-04 (US),64%,"Mindy, a young widow and mother who tries to protect her daughter Alice from a flesh eating monster named Agyar. Mindy has been secretly sacrificing her own life by allowing the creature to feast on her body as she keeps Alice hidden away at her grandmother’s house.",Spider One,Spider One,Horror,
Pulp Fiction,1994-11-03 (DE),85%,"A burger-loving hit man, his philosophical partner, a drug-addled gangster's moll and a washed-up boxer converge in this sprawling, comedic crime caper. Their adventures unfurl in three stories that ingeniously trip back and forth in time.",Quentin Tarantino,,"Thriller, Crime","$213,928,762.00"
Good Mother 3,2019-08-26 (KR),60%,"Sun-young and Jun-young are living together. However, they have been unable to pay the rent for several months and listen to the pinzan from the landlord. Eventually, after worrying, he goes to Jun-young's father's house and asks for help. But there, the father's new lover, Ji-young, greets them. Sun-young and Jun-young are unable to borrow money and live in the house for the time being. But after that day. Jun-young's father Dae-woong's eyes keep seeing Sun-young's short mini skirt. Ji-young is interested in Jun-young, who is young and manly…",Kim Bit-na,,Romance,
Migration,2023-12-21 (DE),74%,"After a migrating duck family alights on their pond with thrilling tales of far-flung places, the Mallard family embarks on a family road trip, from New England, to New York City, to tropical Jamaica.",Benjamin Renner,,"Animation, Action, Adventure, Comedy, Family","$298,776,052.00"
The Convert,2024-06-20 (AU),62%,"Munro, a soldier turned lay preacher, comes to New Zealand to minister to the first British colonists, but he is converted by the powerful chief Maianui to serve a different purpose.",Lee Tamahori,,"Action, Drama","$692,018.00"
Inside Out 2,2024-06-12 (DE),76%,"Teenager Riley's mind headquarters is undergoing a sudden demolition to make room for something entirely unexpected: new Emotions! Joy, Sadness, Anger, Fear and Disgust, who’ve long been running a successful operation by all accounts, aren’t sure how to feel when Anxiety shows up. And it looks like she’s not alone.",Kelsey Mann,,"Animation, Family, Adventure, Comedy, Drama","$1,682,636,477.00"
Joker: Folie à Deux,2024-10-03 (DE),58%,"While struggling with his dual identity, Arthur Fleck not only stumbles upon true love, but also finds the music that's always been inside him.",Todd Phillips,"Todd Phillips, Scott Silver","Drama, Crime, Thriller","$192,714,058.00"
Exorcism in Utero,2023-05-23 (US),65%,"Herma finds a powerful ring that possesses her when she tries it on; as her body transforms and mind begins to deteriorate, she must find a way out to save herself and her unborn baby.",Erik Skybak,Erik Skybak,Horror,
Subservience,2024-09-13 (US),67%,"With his wife out sick, a struggling father brings home a lifelike AI, only to have his self-aware new help want everything her new family has to offer... Like the affection of her owner and she'll kill to get it.",SK Dale,,"Science Fiction, Thriller, Horror","$159,422.00"
Transmorphers: Mech Beasts,2023-06-30 (US),52%,"20 years after the events of Transmorphers, a newer, more advanced species of alien robot descends on a rebuilt Earth, threatening once again to destroy the planet.",Michael Su,Joe Roche,"Action, Science Fiction","$65,452.00"
Mission: Impossible - Dead Reckoning Part One,2023-07-13 (DE),75%,"Ethan Hunt and his IMF team embark on their most dangerous mission yet: To track down a terrifying new weapon that threatens all of humanity before it falls into the wrong hands. With control of the future and the world's fate at stake and dark forces from Ethan's past closing in, a deadly race around the globe begins. Confronted by a mysterious, all-powerful enemy, Ethan must consider that nothing can matter more than his mission—not even the lives of those he cares about most.",Christopher McQuarrie,"Christopher McQuarrie, Erik Jendresen","Action, Adventure","$567,535,383.00"
The Shadow Strays,2024-10-17 (DE),74%,"Skilled in the art of killing, a young assassin defies her mentor to save a boy from a ruthless crime syndicate — and she'll destroy anyone in her path.",Timo Tjahjanto,Timo Tjahjanto,"Action, Crime, Thriller",
Harry Potter and the Philosopher's Stone,2001-11-22 (DE),79%,"Harry Potter has lived under the stairs at his aunt and uncle's house his whole life. But on his 11th birthday, he learns he's a powerful wizard—with a place waiting for him at the Hogwarts School of Witchcraft and Wizardry. As he learns to harness his newfound powers with the help of the school's kindly headmaster, Harry uncovers the truth about his parents' deaths—and about the villain who's to blame.",Chris Columbus,,"Adventure, Fantasy","$976,475,550.00"
BLUE LOCK THE MOVIE -EPISODE NAGI-,2024-07-23 (DE),70%,"""That's a hassle."" That was second-year high schooler Nagi Seishirou's favorite phrase as he lived his dull life. Until Mikage Reo, a classmate who dreamed of winning the World Cup, discovered Nagi's hidden skill, inspiring him to play soccer and share his outstanding talent. One day, Nagi Seishiro receives an invitation to the mysterious Blue Lock Project. What awaits him there is an encounter with the finest strikers assembled from across the country. Nagi's dream of becoming the best, alongside Mikage Reo, will take this prodigy to a world he's never known.",Shunsuke Ishikawa,,"Animation, Action, Drama","$11,201,738.00"
Inside Out,2015-10-01 (DE),79%,"When 11-year-old Riley moves to a new city, her Emotions team up to help her through the transition. Joy, Fear, Anger, Disgust and Sadness work together, but when Joy and Sadness get lost, they must journey through unfamiliar places to get back home.",Pete Docter,,"Animation, Family, Adventure, Drama, Comedy","$857,611,174.00"
"Miraculous World: Paris, Tales of Shadybug and Claw Noir",2024-02-24 (DE),72%,"Miraculous holders from another world appear in Paris. They come from a parallel universe where everything is reversed: the holders of Ladybug and Black Cat Miraculouses, Shadybug and Claw Noir, are the bad guys, and the holder of the Butterfly Miraculous, Hesperia, is a superhero. Ladybug and Cat Noir will have to help Hesperia counter the attacks of their evil doubles and prevent them from seizing the Butterfly's Miraculous. Can our heroes also help Hesperia make Shadybug and Claw Noir better people?",Thomas Astruc,"Thomas Astruc, Frédéric Lenoir, Sébastien Thibaudeau, Melanie Duval","Animation, Adventure, Action, Fantasy, Family",
Avengers: Endgame,2019-04-24 (DE),83%,"After the devastating events of Avengers: Infinity War, the universe is in ruins due to the efforts of the Mad Titan, Thanos. With the help of remaining allies, the Avengers must assemble once more in order to undo Thanos' actions and restore order to the universe once and for all, no matter what consequences may be in store.","Joe Russo, Anthony Russo",,"Adventure, Science Fiction, Action","$2,799,439,100.00"
Purpose of Tutoring,2023-12-07 (KR),55%,"Yeong-tak and Ha-na are stepsiblings who live with the support of their divorced adoptive parents. The two begin taking individual private lessons for their respective careers. Yeong-tak secretly gives his acting teacher Na-ri sleeping pills to covet her body, while Ha-na is busy seducing her physical education teacher Han-cheol. Meanwhile, Na-ri and Han-cheol run into each other at the stepsiblings' house, fall in love at first sight, and seek revenge on the two who offended them.",Han Dong-yeon,,"Romance, Drama",
Survive,2024-06-19 (FR),46%,A couple celebrates their son’s birthday in the middle of the ocean on their boat. A violent storm hits and it brings up hungry creatures from the depths and they fight for their survival.,Frédéric Jardin,,"Thriller, Adventure, Action, Science Fiction",
Smugglers,2024-02-16 (DE),66%,"During the 1970s, in Kunchon, there were women divers who were able to dive without equipment, including two best friends Choon-ja and Jin-sook, Jin-sook's brother and Hammer. They always collected seafood under water for living. But, as fewer factories started to be built near the beach, the women divers started to have trouble with what they were doing for living. Without any choice, the ship crews decided to join the smuggling business in the water to seek a way for their living. But the smuggling business in their village got too big for Jin-sook's family to handle and the peaceful village was gradually broken.",Ryoo Seung-wan,"Ryoo Seung-wan, Kim Jung-youn, Choi Cha-won","Crime, Action",
Deadpool 2,2018-05-17 (DE),75%,Wisecracking mercenary Deadpool battles the evil and powerful Cable and other bad guys to save a boy's life.,David Leitch,"Ryan Reynolds, Rhett Reese, Paul Wernick","Action, Comedy, Adventure","$785,896,632.00"
Seven Cemeteries,2024-10-11 (US),49%,A recent parolee gets a Mexican witch to resurrect his old posse so that they can help him save a woman's ranch from a ruthless drug lord.,John Gulager,"John Gulager, Joel Soisson","Horror, Action, Fantasy, Thriller",
The Jack in the Box: Rises,2024-04-15 (GB),68%,"When a creepy Jack-in-the-Box is discovered and opened on the grounds of an exclusive girls' school, six brave students soon enter a fight to the finish against the unleashed demon.",Lawrence Fowler,"Lawrence Fowler, Geoff Fowler",Horror,"$771,460.00"
Smile 2,2024-10-17 (DE),70%,"About to embark on a new world tour, global pop sensation Skye Riley begins experiencing increasingly terrifying and inexplicable events. Overwhelmed by the escalating horrors and the pressures of fame, Skye is forced to face her dark past to regain control of her life before it spirals out of control.",Parker Finn,Parker Finn,"Horror, Mystery","$55,478,285.00"
The Nightmare Before Christmas,1994-12-06 (DE),78%,"Tired of scaring humans every October 31 with the same old bag of tricks, Jack Skellington, the spindly king of Halloween Town, kidnaps Santa Claus and plans to deliver shrunken heads and other ghoulish gifts to children on Christmas morning. But as Christmas approaches, Jack's rag-doll girlfriend, Sally, tries to foil his misguided plans.",Henry Selick,,"Fantasy, Animation, Family","$75,634,409.00"
All Hallows' Eve,2014-09-26 (DE),57%,"While watching two children on Halloween night, a babysitter finds an old VHS tape in the kids' trick or treat bag. The tape features three tales of terror, all linked together by a murderous clown.",Damien Leone,Damien Leone,Horror,
Twilight of the Warriors: Walled In,2024-11-28 (DE),65%,"In 1980s Hong Kong, troubled youth Chan Lok-kwun, a mainland refugee, struggles to survive in the Kowloon Walled City by joining underground fights. Betrayed by crime boss Mr. Big while trying to buy a fake ID, he steals drugs from him and seeks refuge in the Walled City, where he encounters Cyclone, a compassionate yet authoritative crime lord.",Soi Cheang,,"Action, Adventure, Crime, Thriller","$95,335,412.00"
Uprising,2024-10-11 (DE),73%,"In the Joseon Dynasty, two friends who grew up together — one the master and one the servant — reunite post-war as enemies on opposing sides.",Kim Sang-man,"Park Chan-wook, Shin Chul","Action, Drama, History",
Pirates of the Caribbean: Dead Man's Chest,2006-07-27 (DE),74%,Captain Jack Sparrow works his way out of a blood debt with the ghostly Davy Jones to avoid eternal damnation.,Gore Verbinski,,"Adventure, Fantasy, Action","$1,065,700,000.00"
John Wick: Chapter 4,2023-03-23 (DE),77%,"With the price on his head ever increasing, John Wick uncovers a path to defeating The High Table. But before he can earn his freedom, Wick must face off against a new enemy with powerful alliances across the globe and forces that turn old friends into foes.",Chad Stahelski,"Shay Hatten, Michael Finch","Action, Thriller, Crime","$440,157,245.00"
Daddy's Head,2024-09-22 (US),57%,A boy and his stepmother fear for their safety after an eerie creature resembling the boy's recently deceased father visits them.,Benjamin Barfoot,Benjamin Barfoot,Horror,
Hunting Games,2023-05-12 (US),42%,"When a group of ex-military members is hired to retrieve a lost bag of stolen money, their mission becomes more difficult after a lone hunter finds the bag first.",Justin Lee,Justin Lee,"Action, Thriller, TV Movie",
The Bad Guys: Haunted Heist,2024-10-03 (DE),73%,The crafty Bad Guys crew embarks on a high-stakes Halloween heist to swipe a priceless amulet from a spooky mansion. What could go wrong?,Kevin Peaty,Ben Glass,"Animation, Comedy",
Despicable Me 4,2024-07-11 (DE),71%,"Gru and Lucy and their girls—Margo, Edith and Agnes—welcome a new member to the Gru family, Gru Jr., who is intent on tormenting his dad. Gru also faces a new nemesis in Maxime Le Mal and his femme fatale girlfriend Valentina, forcing the family to go on the run.",Chris Renaud,"Mike White, Ken Daurio","Animation, Family, Comedy, Action","$953,140,610.00"
House of Spoils,2024-10-03 (DE),56%,"An ambitious chef opens a restaurant on a remote estate where she battles kitchen chaos, crushing self doubts… and a haunting presence who threatens to sabotage her at every turn.","Danielle Krudy, Bridget Savage Cole",,"Horror, Thriller",
Tatsulok: Tatlo Magkasalo,2024-10-11 (PH),70%,"Story about a happily married couple visited by an old friend, who ends up stirring the pot by becoming sexually involved with both the husband and the wife.",Jojo Nadela,,"Drama, Romance",
King of Killers,2023-10-20 (DE),65%,"Garan is a part of a group of international hitmen who are contracted to take out the most dangerous killer in the world, only to find out that they're the ones being hunted.",Kevin Grevioux,Kevin Grevioux,"Action, Thriller",
Borderlands,2024-08-22 (DE),59%,"Returning to her home planet, an infamous bounty hunter forms an unexpected alliance with a team of unlikely heroes. Together, they battle monsters and dangerous bandits to protect a young girl who holds the key to unimaginable power.",Eli Roth,,"Action, Science Fiction, Comedy","$30,863,794.00"
Prey,2024-08-30 (DE),63%,A young couple is compelled to leave their Christian missionary station in the Kalahari Desert after being threatened with death by an extremist militant gang. After crashing their aircraft they must battle man and beast for their lives.,Mukunda Michael Dewil,Mukunda Michael Dewil,"Action, Thriller, Horror",
Rebel Ridge,2024-09-06 (DE),70%,A former Marine confronts corruption in a small town when local law enforcement unjustly seizes the bag of cash he needs to post his cousin's bail.,Jeremy Saulnier,Jeremy Saulnier,"Crime, Action, Thriller, Drama",
Female Ninjas Magic Chronicles 2: Secret of the Christian Bells,1992-08-21 (JP),70%,The Shogun wants a large shipment of gold that the Catholic church sent to help Christianity get a foothold in Japan and the secret to its location is written on five bells hidden in the vaginas of five female ninjas.,Masaru Tsushima,,Action,
The Platform 2,2024-10-04 (DE),57%,"After a mysterious leader imposes his law in a brutal system of vertical cells, a new arrival battles against a dubious food distribution method.",Galder Gaztelu-Urrutia,,"Science Fiction, Horror",
Caddo Lake,2024-10-10 (US),74%,"When an 8-year-old girl mysteriously vanishes, a series of past deaths and disappearances begins to link together.","Celine Held, Logan George",,"Thriller, Mystery, Drama",
Coraline,2009-08-12 (DE),79%,"Wandering her rambling old house in her boring new town, 11-year-old Coraline discovers a hidden door to a strangely idealized version of her life. In order to stay in the fantasy, she must make a frighteningly real sacrifice.",Henry Selick,,"Animation, Family, Fantasy","$172,750,668.00"
Japanese Mom,2017-02-09 (KR),59%,"""Innocent face, D-cup breasts and perfect intercourse skills! Son, this is not your girlfriend anymore but your mother!""  Ki-ho brings Yuki from Japan to marry her. However, he starts cheating on her with his ex-girlfriend in Korea.  Min-cheol comforted Yuki and thought of her as his daughter-in-law, but one day he realizes he is looking at her as a woman.  In the end, Yuki and Min-cheol have intercourse without Ki-ho knowing...",Kim Moo-won,,"Romance, Drama",
Kelas Bintang - Hot Moms,2023-02-09 (ID),100%,We don't have an overview translated in English. Help us expand our database by adding one.,,,"Drama, Romance",
Temurun,2024-10-11 (DE),65%,"After their mother dies during a violent break-in, two siblings move in with their estranged father discover their family's sinister heritage.",Inarah Syarafina,Vontian Suwandi,"Horror, Thriller",
The Shawshank Redemption,1995-03-09 (DE),87%,"Imprisoned in the 1940s for the double murder of his wife and her lover, upstanding banker Andy Dufresne begins a new life at the Shawshank prison, where he puts his accounting skills to work for an amoral warden. During his long stretch in prison, Dufresne comes to be admired by the other inmates -- including an older prisoner named Red -- for his integrity and unquenchable sense of hope.",Frank Darabont,,"Drama, Crime","$28,341,469.00"
Transformers: Rise of the Beasts,2023-06-08 (DE),73%,"When a new threat capable of destroying the entire planet emerges, Optimus Prime and the Autobots must team up with a powerful faction known as the Maximals. With the fate of humanity hanging in the balance, humans Noah and Elena will do whatever it takes to help the Transformers as they engage in the ultimate battle to save Earth.",Steven Caple Jr.,,"Science Fiction, Adventure, Action","$439,000,000.00"
Lonely Planet,2024-10-11 (DE),60%,"At an idyllic writers retreat in Morocco, a newly single novelist finds an unexpected connection with a younger man who's reevaluating his life choices.",Susannah Grant,Susannah Grant,"Romance, Drama",
Wolfs,2024-09-27 (DE),66%,"Hired to cover up a high-profile crime, a fixer soon finds his night spiralling out of control when he's forced to work with an unexpected counterpart.",Jon Watts,Jon Watts,"Comedy, Thriller, Action",
Bangkok Breaking: Heaven and Hell,2024-09-26 (DE),65%,"When a dedicated rescue worker inadvertently gets caught up in the kidnapping plot of a mogul's tween daughter, he must save her from the clutches of rival gangs hunting them down with unpredictable dangers around every corner.",Kongkiat Khomsiri,,"Action, Crime, Drama, Thriller",
A Quiet Place: Day One,2024-06-27 (DE),68%,"As New York City is invaded by alien creatures who hunt by sound, a woman named Sam fights to survive with her cat.",Michael Sarnoski,,"Horror, Science Fiction, Thriller","$260,894,737.00"
My Hero Academia: You're Next,2024-10-29 (DE),71%,"In a society devastated by the effects of an all-out war between heroes and villains, a mysterious giant fortress suddenly appears, engulfing towns and people one after another. Then, a man reminiscent of All Might, the 'symbol of peace', stands in front of Izuku and his friends...",Tensai Okamura,,"Animation, Action, Adventure, Science Fiction","$30,568,047.00"
Twisters,2024-07-17 (DE),70%,"As storm season intensifies, the paths of former storm chaser Kate Carter and reckless social-media superstar Tyler Owens collide when terrifying phenomena never seen before are unleashed. The pair and their competing teams find themselves squarely in the paths of multiple storm systems converging over central Oklahoma in the fight of their lives.",Lee Isaac Chung,,"Action, Adventure, Thriller","$369,590,675.00"
The Watchers,2024-06-06 (DE),65%,"A young artist gets stranded in an extensive, immaculate forest in western Ireland, where, after finding shelter, she becomes trapped alongside three strangers, stalked by mysterious creatures each night.",Ishana Night Shyamalan,Ishana Night Shyamalan,"Horror, Mystery, Thriller","$51,147,812.00"
Avatar: The Way of Water,2022-12-14 (DE),76%,"Set more than a decade after the events of the first film, learn the story of the Sully family (Jake, Neytiri, and their kids), the trouble that follows them, the lengths they go to keep each other safe, the battles they fight to stay alive, and the tragedies they endure.",James Cameron,,"Science Fiction, Adventure, Action","$2,320,250,281.00"
The Maze Runner,2014-10-16 (DE),72%,"Set in a post-apocalyptic world, young Thomas is deposited in a community of boys after his memory is erased, soon learning they're all trapped in a maze that will require him to join forces with fellow “runners” for a shot at escape.",Wes Ball,,"Action, Mystery, Science Fiction, Thriller","$348,319,861.00"
Venom: Let There Be Carnage,2021-10-21 (DE),68%,"After finding a host body in investigative reporter Eddie Brock, the alien symbiote must face a new enemy, Carnage, the alter ego of serial killer Cletus Kasady.",Andy Serkis,,"Science Fiction, Action, Adventure","$506,863,592.00"
The Crow,2024-09-12 (DE),58%,"Soulmates Eric and Shelly are brutally murdered when the demons of her dark past catch up with them. Given the chance to save his true love by sacrificing himself, Eric sets out to seek merciless revenge on their killers, traversing the worlds of the living and the dead to put the wrong things right.",Rupert Sanders,,"Action, Fantasy, Horror","$13,690,814.00"
An Ideal Father,2024-04-21 (BE),64%,"Michel, the jovial owner of the only café in a small Normandy town, sees his life turned upside down when his teenage daughter is murdered. The community has his back but soon rumor spreads and Michel is singled out. From the ideal father, he becomes the ideal culprit.",Hélène Fillières,,"Drama, TV Movie",
Longlegs,2024-08-08 (DE),67%,"FBI Agent Lee Harker is assigned to an unsolved serial killer case that takes an unexpected turn, revealing evidence of the occult. Harker discovers a personal connection to the killer and must stop him before he strikes again.",Osgood Perkins,Osgood Perkins,"Horror, Crime","$102,469,694.00"
Kung Fu Panda 4,2024-03-14 (DE),71%,"Po is gearing up to become the spiritual leader of his Valley of Peace, but also needs someone to take his place as Dragon Warrior. As such, he will train a new kung fu practitioner for the spot and will encounter a villain called the Chameleon who conjures villains from the past.",Mike Mitchell,"Darren Lemke, Jonathan Aibel, Glenn Berger","Animation, Family, Fantasy, Action","$543,900,620.00"
The Forge,2024-08-23 (US),81%,"19 year old Isaiah Wright lives for basketball and video games. A year out of high school, he has no job, no plans, and no idea how to be a man. At odds with his single mother Cynthia, Isaiah is given an ultimatum – to step up or move out. Feeling the pull from his friends and the push from his mom, Isaiah is hired by Moore Fitness, unaware of how the owner will personally impact his life. With the prayers of his mother and unexpected guidance from his new mentor, Isaiah is forced to deal with his past, sacrifice his selfishness and discover how God might have a greater purpose for his life.",Alex Kendrick,"Alex Kendrick, Stephen Kendrick","Drama, Family","$35,329,740.00"
Kill 'em All 2,2024-09-24 (DE),69%,"Phillip and Suzanne are retired from the spy game, living peacefully off the grid. That's until their whereabouts are discovered by Vlad, the vengeful brother of their target from the first film.",Valeri Milev,"Jim Agnew, Andrea Iervolino, Ferdinando Dell'Omo","Action, Crime, Thriller",
Lee,2024-09-19 (DE),70%,"The true story of photographer Elizabeth 'Lee' Miller, a fashion model who became an acclaimed war correspondent for Vogue magazine during World War II.",Ellen Kuras,,"Drama, History, War","$6,870,131.00"
The Wild Robot,2024-10-03 (DE),86%,"After a shipwreck, an intelligent robot called Roz is stranded on an uninhabited island. To survive the harsh environment, Roz bonds with the island's animals and cares for an orphaned baby goose.",Chris Sanders,,"Animation, Science Fiction, Family","$199,785,520.00"
365 Days: This Day,2022-04-27 (DE),59%,"Laura and Massimo are back and hotter than ever. But the reunited couple's new beginning is complicated by Massimo’s family ties and a mysterious man who enters Laura’s life to win her heart and trust, at any cost.","Tomasz Mandes, Barbara Białowąs","Tomasz Mandes, Blanka Lipińska, Mojca Tirs","Romance, Drama",
Terrifier 2,2022-12-08 (DE),68%,"A year after the Miles County massacre, Art the Clown is resurrected by a sinister entity. Art returns home, where he must hunt down and destroy teenage Sienna and her younger brother Jonathan on Halloween. As the body count rises, the siblings fight to stay alive while uncovering the true nature of Art's evil intent.",Damien Leone,Damien Leone,"Horror, Thriller","$15,740,003.00"
Heavenly Touch,2009-05-29 (DE),60%,"Jonard is having trouble making ends meet. His mother is suffering from depression, and he and his sister are forced to quit school in order to take care of her. One day, Jonard meets up his friend Rodel, and Rodel introduces him to the world of massage parlors. Rodel teaches him massage, and brings him to Heavenly Touch, a syndicate-run massage parlor that mostly caters to homosexuals.",Joel Lamangan,,"Drama, Romance",
Godzilla x Kong: The New Empire,2024-04-04 (DE),72%,"Following their explosive showdown, Godzilla and Kong must reunite against a colossal undiscovered threat hidden within our world, challenging their very existence – and our own.",Adam Wingard,,"Action, Adventure, Science Fiction","$567,156,493.00"
The Garfield Movie,2024-05-09 (DE),71%,"Garfield, the world-famous, Monday-hating, lasagna-loving indoor cat, is about to have a wild outdoor adventure! After an unexpected reunion with his long-lost father – scruffy street cat Vic – Garfield and his canine friend Odie are forced from their perfectly pampered life into joining Vic in a hilarious, high-stakes heist.",Mark Dindal,,"Animation, Comedy, Family, Adventure, Action","$230,295,748.00"
It Ends with Us,2024-08-15 (DE),72%,"When a woman's first love suddenly reenters her life, her relationship with a charming, but abusive neurosurgeon is upended, and she realizes she must learn to rely on her own strength to make an impossible choice for her future.",Justin Baldoni,,"Romance, Drama","$348,276,888.00"
Temptation of Mother-in-Law,2019-02-22 (KR),45%,"After graduating from the prestigious college, the youngest conglomerate is promoted to a handsome appearance. However, at the drinking place with his old friend, Moo-Hyuk, Han-Yong notices a drink without hesitation. As if frustrated, Moo-hyeok asked why he wanted to marry his six-year-old girlfriend, Wisdom, but was struggling with her attitude of not showing her parents. That night, Han Yong received a promotion from Wisdom and asked for a complimentary ceremony, saying that she wants to get married stably now. . And even if you look at the place of Sang-yeon, you'll find Yeon-ji, the eldest daughter of her own age. Will increase. And one day, on a business trip of wisdom, what will Han Yong choose for a sudden visit by a drunken mother-in-law?",Kim Yi-seul,,Romance,
Winnie-the-Pooh: Blood and Honey 2,2024-04-25 (DE),62%,"Five months following the murders, Christopher Robin struggles to maintain a regular life while dealing with PTSD. However, deep within the 100-Acre-Wood, a destructive rage grows as Pooh, Piglet, Owl, and Tigger find their home and their lives endangered after their existence is revealed.",Rhys Frake-Waterfield,Rhys Frake-Waterfield,"Horror, Thriller","$7,582,541.00"
Trap,2024-08-01 (DE),65%,"A father and teen daughter attend a pop concert, where they realize they're at the center of a dark and sinister event.",M. Night Shyamalan,M. Night Shyamalan,"Thriller, Crime, Horror","$82,406,909.00"
The Flash,2023-06-15 (DE),67%,"When his attempt to save his family inadvertently alters the future, Barry Allen becomes trapped in a reality in which General Zod has returned and there are no Super Heroes to turn to. In order to save the world that he is in and return to the future that he knows, Barry's only hope is to race for his life. But will making the ultimate sacrifice be enough to reset the universe?",Andy Muschietti,,"Adventure, Action, Science Fiction","$271,333,313.00"
Transformers One,2024-10-10 (DE),80%,"The untold origin story of Optimus Prime and Megatron, better known as sworn enemies, but once were friends bonded like brothers who changed the fate of Cybertron forever.",Josh Cooley,,"Animation, Science Fiction, Adventure, Family, Action","$119,530,164.00"
The Godfather,1972-08-24 (DE),87%,"Spanning the years 1945 to 1955, a chronicle of the fictional Italian-American Corleone crime family. When organized crime family patriarch, Vito Corleone barely survives an attempt on his life, his youngest son, Michael steps in to take care of the would-be killers, launching a campaign of bloody revenge.",Francis Ford Coppola,,"Drama, Crime","$245,066,411.00"
"The Chronicles of Narnia: The Lion, the Witch and the Wardrobe",2005-12-08 (DE),71%,"Siblings Lucy, Edmund, Susan and Peter step through a magical wardrobe and find the land of Narnia. There, they discover a charming, once peaceful kingdom that has been plunged into eternal winter by the evil White Witch, Jadis. Aided by the wise and magnificent lion, Aslan, the children lead Narnia into a spectacular, climactic battle to be free of the Witch's glacial powers forever.",Andrew Adamson,,"Adventure, Family, Fantasy","$745,013,115.00"
Shrek,2001-07-05 (DE),77%,"It ain't easy bein' green -- especially if you're a likable (albeit smelly) ogre named Shrek. On a mission to retrieve a gorgeous princess from the clutches of a fire-breathing dragon, Shrek teams up with an unlikely compatriot -- a wisecracking donkey.","Andrew Adamson, Vicky Jenson","Roger S.H. Schulman, Ted Elliott, Terry Rossio, Joe Stillman","Animation, Comedy, Fantasy, Adventure, Family","$488,628,188.00"
Outlaw,2024-06-20 (BR),60%,"At the age of nine, Rebeca is sold by her grandmother to the bookseller who ran Rocinha. Disputed by bicheiros and drug dealers, the community is going through changes in power. Rebeca becomes the wife of the chief drug dealer and, with the death of her partner, his successor. The electrifying trajectory of crime, violence, drugs and love of a female drug kingpin in Rocinha, Rio de Janeiro in the 1980s.",João Wainer,"João Wainer, Thaís Nunes, Patrícia Andrade, Cesar Gananian","Action, Crime, Drama",
Gladiator II,2024-11-14 (DE),0%,"Years after witnessing the death of the revered hero Maximus at the hands of his uncle, Lucius is forced to enter the Colosseum after his home is conquered by the tyrannical Emperors who now lead Rome with an iron fist. With rage in his heart and the future of the Empire at stake, Lucius must look to his past to find strength and honor to return the glory of Rome to its people.",Ridley Scott,,"Action, Adventure",
Fast X,2023-05-18 (DE),71%,"Over many missions and against impossible odds, Dom Toretto and his family have outsmarted, out-nerved and outdriven every foe in their path. Now, they confront the most lethal opponent they've ever faced: A terrifying threat emerging from the shadows of the past who's fueled by blood revenge, and who is determined to shatter this family and destroy everything—and everyone—that Dom loves, forever.",Louis Leterrier,,"Action, Crime, Thriller","$704,709,660.00"
"Miraculous World, London: At the Edge of Time",2024-10-05 (FR),70%,"Marinette, now Chronobug, and Bunnyx must save the future by resolving the mystery of who dicovered Marinette's identity as Ladybug, when, and how they stole her Miraculous. Throughout the adventure, they learn that the Butterfly Miraculous has a new holder, the one who unraveled the ultimate secret. Ladybug's only hope is to defeat her opponent to prevent the end of Ladybug.",Thomas Astruc,Thomas Astruc,"Animation, Adventure, Action, Fantasy",
Speak No Evil,2024-09-19 (DE),73%,"When an American family is invited to spend the weekend at the idyllic country estate of a charming British family they befriended on vacation, what begins as a dream holiday soon warps into a snarled psychological nightmare.",James Watkins,James Watkins,"Horror, Thriller","$75,711,395.00"
Officer Black Belt,2024-09-13 (DE),77%,A talented martial artist who can't walk past a person in need unites with a probation officer to fight and prevent crime as a martial arts officer.,Jason Kim,Jason Kim,"Action, Comedy, Crime",
Cinderella's Curse,2024-08-22 (GB),56%,"Desperate Cinderella summons her fairy godmother from an ancient flesh-bound book, seeking revenge on her evil stepmother and stepsisters who abuse and torment her daily.",Louisa Warren,Harrison Thomas Boxley,"Horror, Fantasy","$47,300.00"
To Be Twenty,1978-07-14 (IT),59%,"Lia and Tina are two beautiful girls who meet and realize that they have a lot in common. They are both young, beautiful and pissed off, so they decide to hitchhike their way to Rome to find Nazariota's commune, a place to stay for free and have all the sex they want... or so they think. Things don't go as they have planned though, and soon they become involved in prostitution, the police and an aggressive gang.",Fernando Di Leo,,Comedy,
Pleasure,2022-01-13 (DE),62%,"19 year old Linnéa leaves her small town in Sweden and heads for Los Angeles with the aim of becoming the world's next big porn star, but the road to her goal turns out to be bumpier than she imagined.",Ninja Thyberg,,Drama,"$393,824.00"
Venom,2018-10-03 (DE),68%,"Investigative journalist Eddie Brock attempts a comeback following a scandal, but accidentally becomes the host of Venom, a violent, super powerful alien symbiote. Soon, he must rely on his newfound powers to protect the world from a shadowy organization looking for a symbiote of their own.",Ruben Fleischer,,"Science Fiction, Action","$856,085,151.00"
Harry Potter and the Prisoner of Azkaban,2004-06-03 (DE),80%,"Year three at Hogwarts means new fun and challenges as Harry learns the delicate art of approaching a Hippogriff, transforming shape-shifting Boggarts into hilarity and even turning back time. But the term also brings danger: soul-sucking Dementors hover over the school, an ally of the accursed He-Who-Cannot-Be-Named lurks within the castle walls, and fearsome wizard Sirius Black escapes Azkaban. And Harry will confront them all.",Alfonso Cuarón,,"Adventure, Fantasy","$789,804,554.00"
The Substance,2024-09-19 (DE),73%,"A fading celebrity decides to use a black market drug, a cell-replicating substance that temporarily creates a younger, better version of herself.",Coralie Fargeat,Coralie Fargeat,"Horror, Drama, Science Fiction","$29,106,531.00"
La Hierba del Diablo,2024-03-14 (CO),30%,We don't have an overview translated in English. Help us expand our database by adding one.,Ángel Ayllón,Fernando Ayllón,Horror,
Operation Black Ops,2023-07-11 (US),58%,"A group of mercenaries are hired to overthrow a Neo-Nazi stronghold nestled deep in the heart of Texas, only to discover they are protecting nuclear codes that could ignite World War III.",Jamaal Burden,Jamaal Burden,"Action, Thriller",
Kill,2024-09-06 (DE),71%,"When an army commando finds out his true love is engaged against her will, he boards a New Dehli-bound train in a daring quest to derail the arranged marriage. But when a gang of knife-wielding thieves begin to terrorize innocent passengers on his train, the commando takes them on himself in a death-defying kill-spree to save those around him — turning what should have been a typical commute into an adrenaline-fueled thrill ride.",Nikhil Nagesh Bhat,,"Action, Crime, Thriller, Drama","$5,400,000.00"
Justice,2024-10-16 (DE),68%,"A young detective seeks the help of a discharged police officer, giving him the chance to reclaim his old life in exchange for solving a bank raid case.",Michał Gazda,Bartosz Staszczyszyn,"Crime, Drama",
Expend4bles,2023-09-21 (DE),62%,"Armed with every weapon they can get their hands on and the skills to use them, The Expendables are the world’s last line of defense and the team that gets called when all other options are off the table. But new team members with new styles and tactics are going to give “new blood” a whole new meaning.",Scott Waugh,,"Action, Adventure, Thriller","$37,917,985.00"
MaXXXine,2024-07-04 (DE),64%,"In 1980s Hollywood, adult film star and aspiring actress Maxine Minx finally gets her big break. But as a mysterious killer stalks the starlets of Hollywood, a trail of blood threatens to reveal her sinister past.",Ti West,Ti West,"Horror, Crime, Mystery","$20,267,069.00"
Bad Boys: Ride or Die,2024-06-05 (DE),75%,"After their late former Captain is framed, Lowrey and Burnett try to clear his name, only to end up on the run themselves.","Bilall Fallah, Adil El Arbi","Will Beall, Chris Bremner","Action, Comedy","$402,529,640.00"
Hellboy: The Crooked Man,2024-10-08 (US),54%,"Hellboy and a rookie BPRD agent get stranded in 1950s rural Appalachia. There, they discover a small community haunted by witches, led by a local devil with a troubling connection to Hellboy's past: the Crooked Man.",Brian Taylor,,"Fantasy, Horror, Action","$1,289,658.00"
Brothers,2024-10-17 (DE),65%,"A reformed criminal's attempt at going straight is derailed when he reunites with his sanity-testing twin brother on a road trip for the score of a lifetime. Dodging bullets, the law, and an overbearing mother along the way, they must heal their severed family bond before they end up killing each other.",Max Barbakow,,"Action, Comedy, Crime",
Azrael,2024-09-04 (DE),61%,"In a world where no one speaks, a devout female hunts down a young woman who has escaped her imprisonment. Recaptured by its ruthless leaders, Azrael is due to be sacrificed to pacify an ancient evil deep within the surrounding wilderness.",E.L. Katz,Simon Barrett,"Action, Horror, Thriller",
Outside,2024-10-17 (DE),54%,"A family retreats to an isolated farm during a zombie outbreak, but years of painful secrets take a toll as they navigate their desolate world.",Carlo Ledesma,Carlo Ledesma,"Horror, Thriller",
Skinford 2: The Curse,2024-05-20 (FR),20%,We don't have an overview translated in English. Help us expand our database by adding one.,Nik Kacevski,,"Thriller, Action",
Descendants: The Rise of Red,2024-07-12 (DE),70%,"After the Queen of Hearts incites a coup on Auradon, her rebellious daughter Red and Cinderella's perfectionist daughter Chloe join forces and travel back in time to try to undo the traumatic event that set Red's mother down her villainous path.",Jennifer Phang,"Dan Frey, Russell Sommer","Fantasy, Adventure, Family, Comedy",
The Demon Disorder,2024-08-16 (AU),56%,"The pasts of three brothers and their deceased father collide when a deep, dark family secret is unearthed, leading to a case of revenge from beyond the grave.",Steven Boyle,"Steven Boyle, Toby Osborne",Horror,
Flow,2024-12-19 (DE),89%,"The world seems to be coming to an end, teeming with the vestiges of a human presence. Cat is a solitary animal, but as its home is devastated by a great flood, he finds refuge on a boat populated by various species, and will have to team up with them despite their differences. In the lonesome boat sailing through mystical overflowed landscapes, they navigate the challenges and dangers of adapting to this new world.",Gints Zilbalodis,"Gints Zilbalodis, Matīss Kaža","Animation, Fantasy, Adventure",
Saving Bikini Bottom: The Sandy Cheeks Movie,2024-08-02 (DE),64%,"When Bikini Bottom is scooped from the ocean, scientific squirrel Sandy Cheeks and her pal SpongeBob SquarePants saddle up for Texas to save their town.",Liza Johnson,,"Animation, Comedy, Adventure, Family",
"Monsters, Inc.",2002-01-31 (DE),78%,"Lovable Sulley and his wisecracking sidekick Mike Wazowski are the top scare team at Monsters, Inc., the scream-processing factory in Monstropolis. When a little girl named Boo wanders into their world, it's the monsters who are scared silly, and it's up to Sulley and Mike to keep her out of sight and get her back home.",Pete Docter,,"Animation, Comedy, Family","$579,700,000.00"
Trouble,2024-10-03 (DE),69%,"Wrongfully convicted of murder, a clumsy electronics salesman faces police corruption and criminal conspiracies in an attempt to prove his innocence.",Jon Holmberg,"Jon Holmberg, Tapio Leopold","Action, Comedy, Crime",
Depravity,2024-10-11 (US),52%,A group of roommates in a US metropolis inadvertently kill an innocent man and proceed on a perilous journey of deception and cover-up.,Paul Tamasy,Paul Tamasy,"Mystery, Thriller, Crime",
The Silent Hour,2024-10-11 (US),64%,"While working a case as an interpreter, a hearing-impaired police detective must confront a group of criminals trying to eliminate a deaf murder witness in her apartment building.",Brad Anderson,Dan Hall,"Crime, Thriller, Action",
Terrifier,2011-08-09 (US),63%,"After witnessing a brutal murder on Halloween night, a young woman becomes the next target of a maniacal entity.",Damien Leone,Damien Leone,Horror,
LEGO Marvel Avengers: Mission Demolition,2024-10-18 (DE),74%,"A young, aspiring hero and superhero fan inadvertently unleashes a powerful new villain looking to rid the world of the Avengers.",Ken Cunningham,Eugene Son,"Animation, Comedy, Science Fiction",
The Gigolo,2022-06-03 (DE),50%,"Fung looks like a super-heartthrob and was bon with a special endowment, making him the high school idol. He was expelled from school when he was caught fighting on campus. When his mom, the sole provider of his family with her poultry business, had to stop working due to her back problems, Fung decides to support his family financially. And from that moment, his life takes on a tumultuous change…",Amen Au Cheuk-Man,,"Romance, Drama, Comedy","$709,136.00"
The Lord of the Rings: The Return of the King,2003-12-17 (DE),85%,"As armies mass for a final battle that will decide the fate of the world--and powerful, ancient forces of Light and Dark compete to determine the outcome--one member of the Fellowship of the Ring is revealed as the noble heir to the throne of the Kings of Men. Yet, the sole hope for triumph over evil lies with a brave hobbit, Frodo, who, accompanied by his loyal friend Sam and the hideous, wretched Gollum, ventures deep into the very dark heart of Mordor on his seemingly impossible quest to destroy the Ring of Power.​",Peter Jackson,,"Adventure, Fantasy, Action","$1,118,888,979.00"
Abigail,2024-04-18 (DE),68%,"A group of criminals kidnap a teenage ballet dancer, the daughter of a notorious gang leader, in order to obtain a ransom of $50 million, but over time, they discover that she is not just an ordinary girl. After the kidnappers begin to diminish, one by one, they discover, to their increasing horror, that they are locked inside with no normal little girl.","Tyler Gillett, Matt Bettinelli-Olpin",,"Horror, Thriller","$42,241,257.00"
Corpse Bride,2005-11-03 (DE),76%,"Set in a 19th-century European village, this stop-motion animation feature follows the story of Victor, a young man whisked away to the underworld and wed to a mysterious corpse bride, while his real bride Victoria waits bereft in the land of the living.","Tim Burton, Mike Johnson",,"Romance, Fantasy, Animation","$118,133,252.00"
Venom: The Last Dance,2024-10-24 (DE),63%,"Eddie and Venom are on the run. Hunted by both of their worlds and with the net closing in, the duo are forced into a devastating decision that will bring the curtains down on Venom and Eddie's last dance.",Kelly Marcel,,"Action, Science Fiction, Adventure","$8,500,000.00"
Terrifier,2016-12-06 (DE),64%,A maniacal clown named Art terrorizes three young women on Halloween night and everyone else who stands in his way.,Damien Leone,Damien Leone,"Horror, Thriller","$416,322.00"
Harry Potter and the Order of the Phoenix,2007-07-12 (DE),77%,"Returning for his fifth year of study at Hogwarts, Harry is stunned to find that his warnings about the return of Lord Voldemort have been ignored. Left with no choice, Harry takes matters into his own hands, training a small group of students to defend themselves against the dark arts.",David Yates,,"Adventure, Fantasy","$938,212,738.00"
Joker,2019-10-10 (DE),82%,"During the 1980s, a failed stand-up comedian is driven insane and turns to a life of crime and chaos in Gotham City while becoming an infamous psychopathic crime figure.",Todd Phillips,"Todd Phillips, Scott Silver","Crime, Thriller, Drama","$1,078,958,629.00"
Hotel Transylvania: Transformania,2022-01-14 (DE),71%,"When Van Helsing's mysterious invention, the ""Monsterfication Ray,"" goes haywire, Drac and his monster pals are all transformed into humans, and Johnny becomes a monster. In their new mismatched bodies, Drac and Johnny must team up and race across the globe to find a cure before it's too late, and before they drive each other crazy.","Derek Drymon, Jennifer Kluska",,"Animation, Comedy, Family, Adventure, Fantasy","$18,500,000.00"
Dragonkeeper,2024-10-24 (DE),73%,"Set in Han Imperial China, the plot follows the adventures of enslaved girl Ping with ancient dragon Long Danzi. Dragons had been banished from the kingdom. Ping, an orphan, finds one of the last remaining dragon eggs. Palace guards force Ping to run away in order to return the dragon egg to the ocean and save all dragons from extinction. Ping discovers that she is a true Dragonkeeper.","Jian-Ping Li, Salvador Simó",,"Action, Adventure, Animation, Family, Fantasy","$5,427,272.00"
MadS,2024-09-21 (US),67%,"A french club kid wakes up from a night of partying looking to score, whether that's with the latest drug or romantic conquest. On his way back home, he encounters an escaped patient who alters the course of his life.",David Moreau,David Moreau,"Horror, Thriller",
Harry Potter and the Chamber of Secrets,2002-11-14 (DE),77%,"Cars fly, trees fight back, and a mysterious house-elf comes to warn Harry Potter at the start of his second year at Hogwarts. Adventure and danger await when bloody writing on a wall announces: The Chamber Of Secrets Has Been Opened. To save Hogwarts will require all of Harry, Ron and Hermione’s magical abilities and courage.",Chris Columbus,,"Adventure, Fantasy","$876,688,482.00"
The Park Maniac,2024-10-12 (BR),61%,"An infamous serial killer who assaulted and killed several women in the '90s, gets on a collision course with a young journalist eager for the truth and a career-changing article.",Maurício Eça,L.G. Bayão,"Drama, Crime, Thriller, Horror",
The Most Wonderful Time of the Year,2024-10-11 (US),54%,"Sideshow Bob teams up with the most infamous villains of Disney+ to share the true meaning of the Halloween season. Filled with music, mayhem, and madness, this short from ""The Simpsons"" is simply to die for.",David Silverman,"Dan Greaney, J. Stewart Burns, Broti Gupta, Al Jean","Animation, Comedy",
The Killer's Game,2024-09-13 (US),65%,"When top hitman Joe Flood is diagnosed with a terminal illness, he decides to take matters into his own hands – by taking a hit out on himself. But when the very hitmen he hired also target his ex-girlfriend, he must fend off an army of assassin colleagues and win back the love of his life before it's too late.",J.J. Perry,Rand Ravich,"Action, Comedy, Crime","$5,090,881.00"
Harold and the Purple Crayon,2024-08-22 (DE),70%,"Inside of his book, adventurous Harold can make anything come to life simply by drawing it. After he grows up and draws himself off the book's pages and into the physical world, Harold finds he has a lot to learn about real life.",Carlos Saldanha,,"Adventure, Family, Fantasy, Comedy","$24,982,787.00"
Salem's Lot,2024-10-31 (DE),62%,Author Ben Mears returns to his childhood home of Jerusalem's Lot only to discover his hometown is being preyed upon by a bloodthirsty vampire.,Gary Dauberman,,"Horror, Mystery",
Harry Potter and the Deathly Hallows: Part 1,2010-11-18 (DE),78%,"Harry, Ron and Hermione walk away from their last year at Hogwarts to find and destroy the remaining Horcruxes, putting an end to Voldemort's bid for immortality. But with Harry's beloved Dumbledore dead and Voldemort's unscrupulous Death Eaters on the loose, the world is more dangerous than ever.",David Yates,,"Adventure, Fantasy","$954,305,868.00"
I Don't Like Younger Men 5,2020-04-23 (KR),71%,"Ha-neul haven't seen her friend, Ye-sol for a long time, and so they spent a good time together. That time, Ye-sol's father, Min-soo enters the house.  Ha-neul sees the young-looking Min-soo and makes a fuss. Ye-sol who is a little bit tipsy tells Ha-neul that he is her stepfather.  That night, Ha-neul secretly entered sexy Min-soo's room...",Kye Jang-hyuk,,Romance,
